"filename", "language", "Python", "pip requirements", "JavaScript", "JSON", "XML", "CSS", "Java", "HTML", "Markdown", "comment", "blank", "total"
"/Users/hei/IdeaProjects/fyp/GEMINI.md", "Markdown", 0, 0, 0, 0, 0, 0, 0, 0, 63, 0, 18, 81
"/Users/hei/IdeaProjects/fyp/convert.py", "Python", 36, 0, 0, 0, 0, 0, 0, 0, 0, 1, 13, 50
"/Users/hei/IdeaProjects/fyp/core/__init__.py", "Python", 0, 0, 0, 0, 0, 0, 0, 0, 0, 0, 1, 1
"/Users/hei/IdeaProjects/fyp/core/config.py", "Python", 42, 0, 0, 0, 0, 0, 0, 0, 0, 16, 10, 68
"/Users/hei/IdeaProjects/fyp/core/utils.py", "Python", 21, 0, 0, 0, 0, 0, 0, 0, 0, 0, 7, 28
"/Users/hei/IdeaProjects/fyp/frontend/package-lock.json", "JSON", 0, 0, 0, 21387, 0, 0, 0, 0, 0, 0, 1, 21388
"/Users/hei/IdeaProjects/fyp/frontend/package.json", "JSON", 0, 0, 0, 53, 0, 0, 0, 0, 0, 0, 1, 54
"/Users/hei/IdeaProjects/fyp/frontend/postcss.config.js", "JavaScript", 0, 0, 6, 0, 0, 0, 0, 0, 0, 0, 1, 7
"/Users/hei/IdeaProjects/fyp/frontend/public/index.html", "HTML", 0, 0, 0, 0, 0, 0, 0, 20, 0, 23, 1, 44
"/Users/hei/IdeaProjects/fyp/frontend/public/manifest.json", "JSON", 0, 0, 0, 25, 0, 0, 0, 0, 0, 0, 1, 26
"/Users/hei/IdeaProjects/fyp/frontend/src/AI.js", "JavaScript", 0, 0, 441, 0, 0, 0, 0, 0, 0, 2, 28, 471
"/Users/hei/IdeaProjects/fyp/frontend/src/App.css", "CSS", 0, 0, 0, 0, 0, 33, 0, 0, 0, 0, 6, 39
"/Users/hei/IdeaProjects/fyp/frontend/src/App.js", "JavaScript", 0, 0, 32, 0, 0, 0, 0, 0, 0, 0, 6, 38
"/Users/hei/IdeaProjects/fyp/frontend/src/App.test.js", "JavaScript", 0, 0, 7, 0, 0, 0, 0, 0, 0, 0, 2, 9
"/Users/hei/IdeaProjects/fyp/frontend/src/Compiler.js", "JavaScript", 0, 0, 275, 0, 0, 0, 0, 0, 0, 4, 34, 313
"/Users/hei/IdeaProjects/fyp/frontend/src/DocumentViewer.js", "JavaScript", 0, 0, 204, 0, 0, 0, 0, 0, 0, 0, 20, 224
"/Users/hei/IdeaProjects/fyp/frontend/src/HomePage.js", "JavaScript", 0, 0, 807, 0, 0, 0, 0, 0, 0, 5, 46, 858
"/Users/hei/IdeaProjects/fyp/frontend/src/LessonLayout.js", "JavaScript", 0, 0, 38, 0, 0, 0, 0, 0, 0, 0, 6, 44
"/Users/hei/IdeaProjects/fyp/frontend/src/Lessons.js", "JavaScript", 0, 0, 43, 0, 0, 0, 0, 0, 0, 0, 7, 50
"/Users/hei/IdeaProjects/fyp/frontend/src/Navbar.js", "JavaScript", 0, 0, 300, 0, 0, 0, 0, 0, 0, 0, 13, 313
"/Users/hei/IdeaProjects/fyp/frontend/src/Playground.js", "JavaScript", 0, 0, 69, 0, 0, 0, 0, 0, 0, 1, 9, 79
"/Users/hei/IdeaProjects/fyp/frontend/src/PracticalTest.js", "JavaScript", 0, 0, 542, 0, 0, 0, 0, 0, 0, 7, 81, 630
"/Users/hei/IdeaProjects/fyp/frontend/src/Quiz.js", "JavaScript", 0, 0, 365, 0, 0, 0, 0, 0, 0, 5, 31, 401
"/Users/hei/IdeaProjects/fyp/frontend/src/index.css", "CSS", 0, 0, 0, 0, 0, 3, 0, 0, 0, 0, 1, 4
"/Users/hei/IdeaProjects/fyp/frontend/src/index.js", "JavaScript", 0, 0, 14, 0, 0, 0, 0, 0, 0, 0, 2, 16
"/Users/hei/IdeaProjects/fyp/frontend/src/logo.svg", "XML", 0, 0, 0, 0, 1, 0, 0, 0, 0, 0, 0, 1
"/Users/hei/IdeaProjects/fyp/frontend/src/quizQuestions.json", "JSON", 0, 0, 0, 175, 0, 0, 0, 0, 0, 0, 3, 178
"/Users/hei/IdeaProjects/fyp/frontend/src/ragDocMapping.js", "JavaScript", 0, 0, 273, 0, 0, 0, 0, 0, 0, 2, 25, 300
"/Users/hei/IdeaProjects/fyp/frontend/src/reportWebVitals.js", "JavaScript", 0, 0, 12, 0, 0, 0, 0, 0, 0, 0, 2, 14
"/Users/hei/IdeaProjects/fyp/frontend/src/server.js", "JavaScript", 0, 0, 36, 0, 0, 0, 0, 0, 0, 1, 11, 48
"/Users/hei/IdeaProjects/fyp/frontend/src/setupTests.js", "JavaScript", 0, 0, 1, 0, 0, 0, 0, 0, 0, 4, 1, 6
"/Users/hei/IdeaProjects/fyp/frontend/tailwind.config.js", "JavaScript", 0, 0, 9, 0, 0, 0, 0, 0, 0, 1, 0, 10
"/Users/hei/IdeaProjects/fyp/fyp.iml", "XML", 0, 0, 0, 0, 9, 0, 0, 0, 0, 0, 0, 9
"/Users/hei/IdeaProjects/fyp/initdb.py", "Python", 5, 0, 0, 0, 0, 0, 0, 0, 0, 0, 2, 7
"/Users/hei/IdeaProjects/fyp/lessons_raw/01_java basic.json", "JSON", 0, 0, 0, 81, 0, 0, 0, 0, 0, 0, 1, 82
"/Users/hei/IdeaProjects/fyp/lessons_raw/01_migrate from python (Extra).json", "JSON", 0, 0, 0, 118, 0, 0, 0, 0, 0, 0, 0, 118
"/Users/hei/IdeaProjects/fyp/lessons_raw/02-problem solving with Java.json", "JSON", 0, 0, 0, 294, 0, 0, 0, 0, 0, 0, 0, 294
"/Users/hei/IdeaProjects/fyp/lessons_raw/03-arrays.json", "JSON", 0, 0, 0, 250, 0, 0, 0, 0, 0, 0, 0, 250
"/Users/hei/IdeaProjects/fyp/lessons_raw/04-methods.json", "JSON", 0, 0, 0, 198, 0, 0, 0, 0, 0, 0, 0, 198
"/Users/hei/IdeaProjects/fyp/lessons_raw/05-File IO and Exception Handling.json", "JSON", 0, 0, 0, 138, 0, 0, 0, 0, 0, 0, 0, 138
"/Users/hei/IdeaProjects/fyp/lessons_raw/06-OO-Part1.json", "JSON", 0, 0, 0, 298, 0, 0, 0, 0, 0, 0, 0, 298
"/Users/hei/IdeaProjects/fyp/lessons_raw/07-OO-Part2.json", "JSON", 0, 0, 0, 182, 0, 0, 0, 0, 0, 0, 0, 182
"/Users/hei/IdeaProjects/fyp/lessons_raw/08-Interitance-Part 1.json", "JSON", 0, 0, 0, 254, 0, 0, 0, 0, 0, 0, 0, 254
"/Users/hei/IdeaProjects/fyp/lessons_raw/09-Interitance-Part 2.json", "JSON", 0, 0, 0, 194, 0, 0, 0, 0, 0, 0, 0, 194
"/Users/hei/IdeaProjects/fyp/lessons_raw/10-polymorphism.json", "JSON", 0, 0, 0, 230, 0, 0, 0, 0, 0, 0, 0, 230
"/Users/hei/IdeaProjects/fyp/lessons_raw/11-Abstract Class and Interface and Lambda.json", "JSON", 0, 0, 0, 194, 0, 0, 0, 0, 0, 0, 0, 194
"/Users/hei/IdeaProjects/fyp/lessons_raw/R01-recursion.json", "JSON", 0, 0, 0, 94, 0, 0, 0, 0, 0, 0, 0, 94
"/Users/hei/IdeaProjects/fyp/main.py", "Python", 125, 0, 0, 0, 0, 0, 0, 0, 0, 18, 17, 160
"/Users/hei/IdeaProjects/fyp/models.py", "Python", 108, 0, 0, 0, 0, 0, 0, 0, 0, 0, 24, 132
"/Users/hei/IdeaProjects/fyp/practical_tests/set1/base/PaperScissorsRock.java", "Java", 0, 0, 0, 0, 0, 0, 37, 0, 0, 20, 16, 73
"/Users/hei/IdeaProjects/fyp/practical_tests/set1/base/Puzzle.java", "Java", 0, 0, 0, 0, 0, 0, 31, 0, 0, 4, 19, 54
"/Users/hei/IdeaProjects/fyp/practical_tests/set1/base/Question2.java", "Java", 0, 0, 0, 0, 0, 0, 2, 0, 0, 1, 0, 3
"/Users/hei/IdeaProjects/fyp/practical_tests/set1/base/Question3.java", "Java", 0, 0, 0, 0, 0, 0, 2, 0, 0, 1, 3, 6
"/Users/hei/IdeaProjects/fyp/practical_tests/set1/questions/Q1.json", "JSON", 0, 0, 0, 219, 0, 0, 0, 0, 0, 0, 1, 220
"/Users/hei/IdeaProjects/fyp/practical_tests/set1/solution/DynamicArray.java", "Java", 0, 0, 0, 0, 0, 0, 67, 0, 0, 0, 10, 77
"/Users/hei/IdeaProjects/fyp/practical_tests/set1/solution/PaperScissorsRock.java", "Java", 0, 0, 0, 0, 0, 0, 101, 0, 0, 9, 12, 122
"/Users/hei/IdeaProjects/fyp/practical_tests/set1/solution/Questioin2.java", "Java", 0, 0, 0, 0, 0, 0, 62, 0, 0, 19, 8, 89
"/Users/hei/IdeaProjects/fyp/practical_tests/set1/solution/Question1.java", "Java", 0, 0, 0, 0, 0, 0, 61, 0, 0, 3, 16, 80
"/Users/hei/IdeaProjects/fyp/practical_tests/set1/solution/Sudoku.java", "Java", 0, 0, 0, 0, 0, 0, 261, 0, 0, 104, 38, 403
"/Users/hei/IdeaProjects/fyp/rag_system.py", "Python", 169, 0, 0, 0, 0, 0, 0, 0, 0, 10, 46, 225
"/Users/hei/IdeaProjects/fyp/requirements.txt", "pip requirements", 0, 46, 0, 0, 0, 0, 0, 0, 0, 0, 1, 47
"/Users/hei/IdeaProjects/fyp/routers/__init__.py", "Python", 0, 0, 0, 0, 0, 0, 0, 0, 0, 0, 1, 1
"/Users/hei/IdeaProjects/fyp/routers/code_execution.py", "Python", 104, 0, 0, 0, 0, 0, 0, 0, 0, 10, 23, 137
"/Users/hei/IdeaProjects/fyp/routers/lessons.py", "Python", 451, 0, 0, 0, 0, 0, 0, 0, 0, 38, 92, 581
"/Users/hei/IdeaProjects/fyp/routers/pdfs.py", "Python", 20, 0, 0, 0, 0, 0, 0, 0, 0, 0, 5, 25
"/Users/hei/IdeaProjects/fyp/routers/practical_tests.py", "Python", 115, 0, 0, 0, 0, 0, 0, 0, 0, 11, 41, 167
"/Users/hei/IdeaProjects/fyp/routers/rag.py", "Python", 452, 0, 0, 0, 0, 0, 0, 0, 0, 19, 118, 589
"/Users/hei/IdeaProjects/fyp/services/__init__.py", "Python", 0, 0, 0, 0, 0, 0, 0, 0, 0, 0, 1, 1
"/Users/hei/IdeaProjects/fyp/services/pdf_service.py", "Python", 34, 0, 0, 0, 0, 0, 0, 0, 0, 0, 5, 39
"/Users/hei/IdeaProjects/fyp/tutor.py", "Python", 51, 0, 0, 0, 0, 0, 0, 0, 0, 7, 11, 69
"/Users/hei/IdeaProjects/fyp/vectorstore/extract_from_faiss.py", "Python", 409, 0, 0, 0, 0, 0, 0, 0, 0, 27, 60, 496
"/Users/hei/IdeaProjects/fyp/vectorstore/faiss_summary.json", "JSON", 0, 0, 0, 766, 0, 0, 0, 0, 0, 0, 0, 766
"/Users/hei/IdeaProjects/fyp/vectorstore/ragDocMapping.js", "JavaScript", 0, 0, 273, 0, 0, 0, 0, 0, 0, 2, 25, 300
"Total", "-", 2142, 46, 3747, 25150, 10, 36, 624, 20, 63, 375, 984, 33197