"filename", "language", "JavaScript", "XML", "JSON", "CSS", "HTML", "Python", "comment", "blank", "total"
"/Users/hei/IdeaProjects/fyp/explain-frontend/package-lock.json", "JSON", 0, 0, -21387, 0, 0, 0, 0, -1, -21388
"/Users/hei/IdeaProjects/fyp/explain-frontend/package.json", "JSON", 0, 0, -53, 0, 0, 0, 0, -1, -54
"/Users/hei/IdeaProjects/fyp/explain-frontend/postcss.config.js", "JavaScript", -6, 0, 0, 0, 0, 0, 0, -1, -7
"/Users/hei/IdeaProjects/fyp/explain-frontend/public/index.html", "HTML", 0, 0, 0, 0, -20, 0, -23, -1, -44
"/Users/hei/IdeaProjects/fyp/explain-frontend/public/manifest.json", "JSON", 0, 0, -25, 0, 0, 0, 0, -1, -26
"/Users/hei/IdeaProjects/fyp/explain-frontend/src/AI.js", "JavaScript", -441, 0, 0, 0, 0, 0, -2, -28, -471
"/Users/hei/IdeaProjects/fyp/explain-frontend/src/App.css", "CSS", 0, 0, 0, -33, 0, 0, 0, -6, -39
"/Users/hei/IdeaProjects/fyp/explain-frontend/src/App.js", "JavaScript", -32, 0, 0, 0, 0, 0, 0, -6, -38
"/Users/hei/IdeaProjects/fyp/explain-frontend/src/App.test.js", "JavaScript", -7, 0, 0, 0, 0, 0, 0, -2, -9
"/Users/hei/IdeaProjects/fyp/explain-frontend/src/Compiler.js", "JavaScript", -275, 0, 0, 0, 0, 0, -4, -34, -313
"/Users/hei/IdeaProjects/fyp/explain-frontend/src/HomePage.js", "JavaScript", -700, 0, 0, 0, 0, 0, -15, -31, -746
"/Users/hei/IdeaProjects/fyp/explain-frontend/src/LessonLayout.js", "JavaScript", -38, 0, 0, 0, 0, 0, 0, -6, -44
"/Users/hei/IdeaProjects/fyp/explain-frontend/src/Lessons.js", "JavaScript", -43, 0, 0, 0, 0, 0, 0, -7, -50
"/Users/hei/IdeaProjects/fyp/explain-frontend/src/Navbar.js", "JavaScript", -300, 0, 0, 0, 0, 0, 0, -13, -313
"/Users/hei/IdeaProjects/fyp/explain-frontend/src/Playground.js", "JavaScript", -69, 0, 0, 0, 0, 0, -1, -9, -79
"/Users/hei/IdeaProjects/fyp/explain-frontend/src/PracticalTest.js", "JavaScript", -326, 0, 0, 0, 0, 0, -16, -61, -403
"/Users/hei/IdeaProjects/fyp/explain-frontend/src/Quiz.js", "JavaScript", -365, 0, 0, 0, 0, 0, -5, -31, -401
"/Users/hei/IdeaProjects/fyp/explain-frontend/src/index.css", "CSS", 0, 0, 0, -3, 0, 0, 0, -1, -4
"/Users/hei/IdeaProjects/fyp/explain-frontend/src/index.js", "JavaScript", -14, 0, 0, 0, 0, 0, 0, -2, -16
"/Users/hei/IdeaProjects/fyp/explain-frontend/src/logo.svg", "XML", 0, -1, 0, 0, 0, 0, 0, 0, -1
"/Users/hei/IdeaProjects/fyp/explain-frontend/src/quizQuestions.json", "JSON", 0, 0, -175, 0, 0, 0, 0, -3, -178
"/Users/hei/IdeaProjects/fyp/explain-frontend/src/reportWebVitals.js", "JavaScript", -12, 0, 0, 0, 0, 0, 0, -2, -14
"/Users/hei/IdeaProjects/fyp/explain-frontend/src/server.js", "JavaScript", -36, 0, 0, 0, 0, 0, -1, -11, -48
"/Users/hei/IdeaProjects/fyp/explain-frontend/src/setupTests.js", "JavaScript", -1, 0, 0, 0, 0, 0, -4, -1, -6
"/Users/hei/IdeaProjects/fyp/explain-frontend/tailwind.config.js", "JavaScript", -9, 0, 0, 0, 0, 0, -1, 0, -10
"/Users/hei/IdeaProjects/fyp/frontend/package-lock.json", "JSON", 0, 0, 21387, 0, 0, 0, 0, 1, 21388
"/Users/hei/IdeaProjects/fyp/frontend/package.json", "JSON", 0, 0, 53, 0, 0, 0, 0, 1, 54
"/Users/hei/IdeaProjects/fyp/frontend/postcss.config.js", "JavaScript", 6, 0, 0, 0, 0, 0, 0, 1, 7
"/Users/hei/IdeaProjects/fyp/frontend/public/index.html", "HTML", 0, 0, 0, 0, 20, 0, 23, 1, 44
"/Users/hei/IdeaProjects/fyp/frontend/public/manifest.json", "JSON", 0, 0, 25, 0, 0, 0, 0, 1, 26
"/Users/hei/IdeaProjects/fyp/frontend/src/AI.js", "JavaScript", 441, 0, 0, 0, 0, 0, 2, 28, 471
"/Users/hei/IdeaProjects/fyp/frontend/src/App.css", "CSS", 0, 0, 0, 33, 0, 0, 0, 6, 39
"/Users/hei/IdeaProjects/fyp/frontend/src/App.js", "JavaScript", 32, 0, 0, 0, 0, 0, 0, 6, 38
"/Users/hei/IdeaProjects/fyp/frontend/src/App.test.js", "JavaScript", 7, 0, 0, 0, 0, 0, 0, 2, 9
"/Users/hei/IdeaProjects/fyp/frontend/src/Compiler.js", "JavaScript", 275, 0, 0, 0, 0, 0, 4, 34, 313
"/Users/hei/IdeaProjects/fyp/frontend/src/DocumentViewer.js", "JavaScript", 204, 0, 0, 0, 0, 0, 0, 20, 224
"/Users/hei/IdeaProjects/fyp/frontend/src/HomePage.js", "JavaScript", 807, 0, 0, 0, 0, 0, 5, 46, 858
"/Users/hei/IdeaProjects/fyp/frontend/src/LessonLayout.js", "JavaScript", 38, 0, 0, 0, 0, 0, 0, 6, 44
"/Users/hei/IdeaProjects/fyp/frontend/src/Lessons.js", "JavaScript", 43, 0, 0, 0, 0, 0, 0, 7, 50
"/Users/hei/IdeaProjects/fyp/frontend/src/Navbar.js", "JavaScript", 300, 0, 0, 0, 0, 0, 0, 13, 313
"/Users/hei/IdeaProjects/fyp/frontend/src/Playground.js", "JavaScript", 69, 0, 0, 0, 0, 0, 1, 9, 79
"/Users/hei/IdeaProjects/fyp/frontend/src/PracticalTest.js", "JavaScript", 542, 0, 0, 0, 0, 0, 7, 81, 630
"/Users/hei/IdeaProjects/fyp/frontend/src/Quiz.js", "JavaScript", 365, 0, 0, 0, 0, 0, 5, 31, 401
"/Users/hei/IdeaProjects/fyp/frontend/src/index.css", "CSS", 0, 0, 0, 3, 0, 0, 0, 1, 4
"/Users/hei/IdeaProjects/fyp/frontend/src/index.js", "JavaScript", 14, 0, 0, 0, 0, 0, 0, 2, 16
"/Users/hei/IdeaProjects/fyp/frontend/src/logo.svg", "XML", 0, 1, 0, 0, 0, 0, 0, 0, 1
"/Users/hei/IdeaProjects/fyp/frontend/src/quizQuestions.json", "JSON", 0, 0, 175, 0, 0, 0, 0, 3, 178
"/Users/hei/IdeaProjects/fyp/frontend/src/ragDocMapping.js", "JavaScript", 273, 0, 0, 0, 0, 0, 2, 25, 300
"/Users/hei/IdeaProjects/fyp/frontend/src/reportWebVitals.js", "JavaScript", 12, 0, 0, 0, 0, 0, 0, 2, 14
"/Users/hei/IdeaProjects/fyp/frontend/src/server.js", "JavaScript", 36, 0, 0, 0, 0, 0, 1, 11, 48
"/Users/hei/IdeaProjects/fyp/frontend/src/setupTests.js", "JavaScript", 1, 0, 0, 0, 0, 0, 4, 1, 6
"/Users/hei/IdeaProjects/fyp/frontend/tailwind.config.js", "JavaScript", 9, 0, 0, 0, 0, 0, 1, 0, 10
"/Users/hei/IdeaProjects/fyp/routers/lessons.py", "Python", 0, 0, 0, 0, 0, 429, 38, 88, 555
"/Users/hei/IdeaProjects/fyp/test.py", "Python", 0, 0, 0, 0, 0, -8, 0, -3, -11
"/Users/hei/IdeaProjects/fyp/vectorstore/extract_from_faiss.py", "Python", 0, 0, 0, 0, 0, 409, 27, 60, 496
"/Users/hei/IdeaProjects/fyp/vectorstore/faiss_summary.json", "JSON", 0, 0, 766, 0, 0, 0, 0, 0, 766
"/Users/hei/IdeaProjects/fyp/vectorstore/ragDocMapping.js", "JavaScript", 273, 0, 0, 0, 0, 0, 2, 25, 300
"Total", "-", 1073, 0, 766, 0, 0, 830, 50, 250, 2969